{
  "feature_names": [
    "AMBIENT TEMP.",
    "HOTBOX PRESSURE (kPa)",
    "HP STEAM PRESSURE (MPa)",
    "HP STEAM TEMP. (C)",
    "HRH PRESSURE (Mpa)",
    "HRH TEMP. (C)",
    "INTCPT CV 1 POS. (%)",
    "MS CV 2 POS. (%)",
    "Steam FLOW (t/h)"
  ],
  "mean": [
    20.546407845385872,
    12.715294768182307,
    16.603192227559923,
    509.6001468735301,
    4.067533964113798,
    499.6237472320563,
    98.0571708372893,
    44.280893606426886,
    868.5874734076149
  ],
  "std": [
    8.595128968434151,
    2.8687039697986823,
    0.40551567952622875,
    8.606120087309344,
    0.2912775082069155,
    7.969174063873435,
    10.670916436449353,
    17.124933380517064,
    75.2659072854316
  ],
  "target": "U1 Active Power (MW)",
  "min_target_filter": 100.0
}